{"accuracy": 0.4302848575712144, "report": {"Benign": {"precision": 0.8571428571428571, "recall": 0.875, "f1-score": 0.865979381443299, "support": 192.0}, "Trojan": {"precision": 0.2, "recall": 0.15966386554621848, "f1-score": 0.17757009345794392, "support": 119.0}, "Ransomware": {"precision": 0.25, "recall": 0.21008403361344538, "f1-score": 0.228310502283105, "support": 119.0}, "Spyware": {"precision": 0.22033898305084745, "recall": 0.3277310924369748, "f1-score": 0.2635135135135135, "support": 119.0}, "Downloader": {"precision": 0.36363636363636365, "recall": 0.3050847457627119, "f1-score": 0.3317972350230415, "support": 118.0}, "accuracy": 0.4302848575712144, "macro avg": {"precision": 0.37822364076601367, "recall": 0.3755127474718701, "f1-score": 0.37343414514418055, "support": 667.0}, "weighted avg": {"precision": 0.43066095721674713, "recall": 0.4302848575712144, "f1-score": 0.42740331929703934, "support": 667.0}}, "confusion_matrix": [[168, 4, 5, 10, 5], [5, 19, 28, 51, 16], [7, 29, 25, 38, 20], [12, 24, 22, 39, 22], [4, 19, 20, 39, 36]], "class_names": ["Benign", "Trojan", "Ransomware", "Spyware", "Downloader"]}